index,module,topic,color,feed,term,created,country,ratio,counter,pages,language,ipcc,continent
'62084daeb0',extremes,Earthquake,#870007,random,deprem,2026-01-15T10:39:00+00:00,,0.6047531855796815,4,3,tr,,
'bec5ab9e20',extremes,Precipitation,#d60d2b,wmo,yağmur dobrich varna silistra,2026-01-15T10:56:00+00:00,Bulgaria,0.5021351964268321,2,1,tr,MED,Europe
'1d702e03bc',extremes,Precipitation,#d60d2b,wmo,sağanak bulgaristan,2026-01-15T12:14:00+00:00,Bulgaria,0.501786187371286,2,1,tr,MED,Europe
'785dd66d15',extremes,Snow&Ice,#d60d2b,wmo,kar bulgaristan,2026-02-01T04:41:00+00:00,Bulgaria,0.4974895955987594,3,1,tr,MED,Europe
'6c138cde70',extremes,Earthquake,#870007,usgs,deprem sındırgı,2026-01-22T03:59:00+00:00,Turkey,0.4963567863578371,4,2,tr,MED,Asia
'1690b6b5fa',extremes,Precipitation,#d60d2b,wmo,yağış doğu bölgesi,2026-01-26T04:09:00+00:00,North Macedonia,0.4899346594878435,2,2,tr,MED,Europe
'b4cd8bfe1e',extremes,ice jam,#d60d2b,random,su baskını,2026-01-23T04:02:00+00:00,,0.4887584341740915,2,3,tr,,
'23ed4f617b',extremes,Precipitation,#d60d2b,wmo,yağmur güneydoğu bölgesi,2026-01-25T04:06:00+00:00,North Macedonia,0.487977730268364,4,1,tr,MED,Europe
'1f343ea703',extremes,Earthquake,#870007,usgs,deprem doğanyol,2026-01-15T12:13:00+00:00,Turkey,0.4857705575836573,3,1,tr,MED,Asia
'ea363a8d9a',extremes,Snow&Ice,#d60d2b,wmo,buz bulgaristan,2026-02-01T04:41:00+00:00,Bulgaria,0.4809809310396686,2,1,tr,MED,Europe
'1e73286365',extremes,Cold Wave,#a7e9fa,wmo,Bulgaristan'ın donması,2026-02-02T04:36:00+00:00,Bulgaria,0.4775154602258105,2,1,tr,MED,Europe
'0cd7c1e7a2',extremes,Cold Wave,#a7e9fa,wmo,soğuk dalga bulgaristan,2026-02-02T04:36:00+00:00,Bulgaria,0.4749498713944293,2,1,tr,MED,Europe
'dc5bf960b0',extremes,Snow&Ice,#d60d2b,random,kar fırtınası,2026-01-15T10:39:00+00:00,,0.4715484539204027,1,3,tr,,
'4f334dd4a7',extremes,Drought,#edc291,edo,yağmur eksikliği bulgaristan,2026-01-15T12:14:00+00:00,Bulgaria,0.4689021213898358,1,1,tr,MED,Europe
'5b35936697',extremes,Storm,#b3b2b1,wmo,fırtına doğu bölgesi,2026-02-05T04:27:00+00:00,North Macedonia,0.4686709023496003,2,1,tr,MED,Europe
'908f74a83c',extremes,Snow&Ice,#d60d2b,wmo,dondurucu Bulgaristan,2026-01-21T03:56:00+00:00,Bulgaria,0.4686336983446096,2,1,tr,MED,Europe
'c0ae99f2a9',extremes,Precipitation,#d60d2b,random,şiddetli yağış,2026-01-25T04:05:00+00:00,,0.4669581272800086,3,3,tr,,
'de3b36bacb',extremes,Thunderstorm,#53785a,random,şiddetli hava,2026-01-20T03:55:00+00:00,,0.4663110620681754,2,3,tr,,
'8d4e6fcc3e',extremes,Snow&Ice,#d60d2b,random,kar fırtınası,2026-01-15T10:39:00+00:00,,0.4608866313337172,3,2,tr,,
'0a98fdd376',extremes,Snow Avalanche,#deddd5,random,çığ,2026-01-23T04:02:00+00:00,,0.4581183152694068,1,3,tr,,
'52af874334',extremes,Drought,#edc291,random,kuraklık,2026-01-21T03:55:00+00:00,,0.457463934114876,2,3,tr,,
'924042ea68',extremes,Precipitation,#d60d2b,wmo,sağanak yağmur bulgaristan,2026-01-26T04:09:00+00:00,Bulgaria,0.45542028723301,2,1,tr,MED,Europe
'4806a05714',extremes,Earthquake,#870007,usgs,deprem türkiye,2026-01-15T10:56:00+00:00,Turkey,0.4545113630267474,1,3,tr,MED,Asia
'0be5ded7e1',extremes,Drought,#edc291,edo,kuruluk hindi,2026-01-15T10:57:00+00:00,Turkey,0.4524357792868407,2,1,tr,MED,Asia
'4f9a8ebb25',extremes,Snow&Ice,#d60d2b,random,gece donu,2026-01-15T10:56:00+00:00,,0.4423707188540153,3,1,tr,,
'45500dcb47',extremes,Precipitation,#d60d2b,random,rekor yağış,2026-01-27T03:58:00+00:00,,0.4396272012248618,2,2,tr,,
'65d103c340',extremes,Precipitation,#d60d2b,wmo,yağmur kuzey makedonya,2026-01-25T04:06:00+00:00,North Macedonia,0.4360455629100663,2,1,tr,MED,Europe
'b520ea04bb',extremes,Snow&Ice,#d60d2b,wmo,don bulgaristan,2026-02-01T04:41:00+00:00,Bulgaria,0.4358288123003004,4,1,tr,MED,Europe
'4f00106436',extremes,Precipitation,#d60d2b,wmo,sağanak kuzey makedonya,2026-01-25T04:06:00+00:00,North Macedonia,0.4345218241574574,2,1,tr,MED,Europe
'2866b55c37',extremes,Storm,#b3b2b1,wmo,kuzey makedonya'da fırtına,2026-02-05T04:27:00+00:00,North Macedonia,0.4312310430584343,2,1,tr,MED,Europe
'22a50265cb',extremes,Precipitation,#d60d2b,wmo,yağış kırcaali haskovo smolyan,2026-01-22T03:59:00+00:00,Bulgaria,0.4310298592771792,2,1,tr,MED,Europe
'15a9c61e3e',extremes,Landslide,#572c03,random,heyelan,2026-01-15T12:13:00+00:00,,0.4304017426429281,1,3,tr,,
'3e4b341619',extremes,Storm,#b3b2b1,random,fırtına,2026-01-20T03:55:00+00:00,,0.429904963202078,1,3,tr,,
'f8a513bf41',extremes,Tropical Cyclone,#4f4f4f,random,ilaç,2026-01-22T03:59:00+00:00,,0.4276352506555276,1,3,tr,,
'b073fed5b4',extremes,Snow&Ice,#d60d2b,random,don,2026-01-24T03:48:00+00:00,,0.4273512272728164,1,3,tr,,
'82d648b882',extremes,Drought,#edc291,random,kuraklık,2026-01-15T10:39:00+00:00,,0.4239479975326009,2,2,tr,,
'da0b9741fb',extremes,Earthquake,#870007,usgs,deprem rancho viejo,2026-01-15T12:13:00+00:00,Mexico,0.4218940164743173,1,2,tr,SCA,North-America
'f200ff28aa',extremes,Earthquake,#870007,usgs,deprem amerika birleşik devletleri,2026-01-15T10:56:00+00:00,United States,0.4218729015411429,1,2,tr,WNA,North-America
'16348a6786',extremes,Drought,#edc291,edo,Kuraklık Tunus,2026-01-15T10:57:00+00:00,Tunisia,0.4216726451443713,1,2,tr,MED,Africa
'00ae724501',extremes,Snow&Ice,#d60d2b,wmo,buz kuzey makedonya,2026-02-01T04:41:00+00:00,North Macedonia,0.4214109473684091,2,1,tr,MED,Europe
'ee67546360',extremes,Precipitation,#d60d2b,wmo,yağış bulgaristan,2026-01-30T04:21:00+00:00,Bulgaria,0.4205130042948955,2,1,tr,MED,Europe
'f9a3abc8c2',extremes,Landslide,#572c03,random,çamur akışı,2026-01-17T03:44:00+00:00,,0.4202151207659131,1,2,tr,,
'69840e877f',extremes,Storm,#b3b2b1,wmo,fırtına bulgaristan,2026-01-17T03:44:00+00:00,Bulgaria,0.4164439197935374,1,1,tr,MED,Europe
'39bab6b4e3',extremes,Drought,#edc291,edo,kuraklık türkiye,2026-01-21T03:56:00+00:00,Turkey,0.4163152287310364,1,1,tr,MED,Asia
'cc59e040c2',extremes,Precipitation,#d60d2b,wmo,sağanak yağmur vardar bölgesi,2026-01-27T03:58:00+00:00,North Macedonia,0.4155295935842464,2,1,tr,MED,Europe
'bb960b1994',extremes,Drought,#edc291,edo,Moldova'nın kuruluğu,2026-01-15T10:57:00+00:00,Moldova,0.4152900531558927,2,1,tr,WCE,Europe
'848cffa79e',extremes,Precipitation,#d60d2b,wmo,yağış Üsküp bölgesi,2026-02-01T04:41:00+00:00,North Macedonia,0.4141907697163267,1,1,tr,MED,Europe
'20741ce7eb',extremes,Tsunami,#690191,random,tsunami,2026-01-15T10:39:00+00:00,,0.4125214953633049,1,2,tr,,
'6110d41627',extremes,Precipitation,#d60d2b,wmo,sağanak yağmur Üsküp bölgesi,2026-01-26T04:09:00+00:00,North Macedonia,0.4117522623434279,2,1,tr,MED,Europe
'cb43c2bb0b',extremes,Heat Wave,#c40202,random,en sıcak yıl,2026-01-29T04:18:00+00:00,,0.4100273950665608,2,2,tr,,
'3b5fd3f9c6',extremes,Thunderstorm,#53785a,wmo,şiddetli hava kıbrıs,2026-01-24T03:48:00+00:00,Cyprus,0.4082454474761586,3,1,tr,MED,Europe
'6b7e025bb3',extremes,Storm,#b3b2b1,random,kasırga,2026-01-15T10:56:00+00:00,,0.4076629116936151,1,2,tr,,
'f685d1f47f',extremes,Drought,#edc291,edo,Kıbrıs'ta kuraklık,2026-01-15T10:57:00+00:00,Cyprus,0.4033809886068385,2,1,tr,MED,Europe
'b7c6466c74',extremes,Storm,#b3b2b1,wmo,dobriç fırtınası,2026-01-17T03:44:00+00:00,Bulgaria,0.402740685312007,1,1,tr,MED,Europe
'914c63ded0',extremes,Earthquake,#870007,usgs,deprem güvencesine,2026-02-07T04:19:00+00:00,Turkey,0.4008285338842124,1,1,tr,MED,Asia
'538eadceb4',extremes,Heat Wave,#c40202,random,ılıman kış,2026-01-17T03:44:00+00:00,,0.396799528127642,1,2,tr,,
'51aedbfec2',extremes,Storm,#b3b2b1,wmo,kuzeydoğu bölgesinde fırtına,2026-02-05T04:27:00+00:00,North Macedonia,0.394218155487912,2,1,tr,MED,Europe
'126dbdb910',extremes,Drought,#edc291,edo,Moldova'nın kuraklığı,2026-01-15T12:14:00+00:00,Moldova,0.3933575631020125,1,1,tr,WCE,Europe
'67973e734f',extremes,Precipitation,#d60d2b,wmo,yağış kuzey makedonya,2026-01-27T03:58:00+00:00,North Macedonia,0.3915159368442001,2,1,tr,MED,Europe
'd811d106a0',extremes,Snow&Ice,#d60d2b,wmo,kar Moldova,2026-01-30T04:21:00+00:00,Moldova,0.3891206303053126,2,1,tr,WCE,Europe
'89426ddfd9',extremes,Fog,#d60d2b,wmo,Moldova sisi,2026-01-28T03:56:00+00:00,Moldova,0.3880538230010951,2,1,tr,WCE,Europe
'3d4dbc8c3b',extremes,Precipitation,#d60d2b,random,şiddetli yağmur,2026-01-17T03:44:00+00:00,,0.3861778096952828,1,1,tr,,
'a0d6658b6f',extremes,Precipitation,#d60d2b,wmo,kuzeydoğu bölgesinde yağmur,2026-01-25T04:06:00+00:00,North Macedonia,0.3847047343491783,2,1,tr,MED,Europe
'8a1a9038c3',extremes,Storm,#b3b2b1,random,kar fırtınası,2026-01-15T10:56:00+00:00,,0.3846892457292621,1,3,tr,,
'ef54296dab',extremes,Snow&Ice,#d60d2b,random,buz parçası,2026-01-23T04:02:00+00:00,,0.3845865103894661,2,2,tr,,
'80462e91eb',extremes,Tropical Cyclone,#4f4f4f,random,siklon,2026-01-15T10:56:00+00:00,,0.3842609399530786,1,2,tr,,
'e4c0eb1729',extremes,Wildfire,#d60d2b,random,orman yangını,2026-01-24T03:48:00+00:00,,0.3834965733510891,1,2,tr,,
'23ad2bb822',extremes,Earthquake,#870007,usgs,deprem rusya,2026-01-15T10:56:00+00:00,Russia,0.3803467208298124,2,3,tr,EAS,Asia
'4960d34559',extremes,Precipitation,#d60d2b,wmo,yağış güneydoğu bölgesi,2026-02-05T04:27:00+00:00,North Macedonia,0.3799389176672974,2,1,tr,MED,Europe
'845dd2d698',extremes,Storm,#b3b2b1,random,kasırga,2026-01-17T03:44:00+00:00,,0.3767182083984072,2,1,tr,,
'ce37661cdd',extremes,Cold Wave,#a7e9fa,random,en soğuk gün,2026-01-15T10:56:00+00:00,,0.376376077578239,1,3,tr,,
'c0ea0632ba',extremes,Heat Wave,#c40202,random,ısı,2026-01-15T10:39:00+00:00,,0.3738246718782345,2,1,tr,,
'373c6724f3',extremes,Drought,#edc291,edo,yağmur eksikliği türkiye,2026-01-24T03:49:00+00:00,Turkey,0.3734707354007098,1,1,tr,MED,Asia
'10f476720b',extremes,Insect Infestation,#d60d2b,random,çekirge,2026-01-26T04:08:00+00:00,,0.3721650463731569,2,1,tr,,
'27c5f85790',extremes,Drought,#edc291,edo,kuraklık hindisi,2026-01-17T03:44:00+00:00,Turkey,0.37183626453311,2,1,tr,MED,Asia
'fbaa1c52eb',extremes,Drought,#edc291,edo,kuruluk kıbrıs,2026-01-19T04:03:00+00:00,Cyprus,0.3703392551113603,1,1,tr,MED,Europe
'69791e5a17',extremes,Flood,#030ba1,random,ani sel,2026-01-17T03:44:00+00:00,,0.3695427186585041,1,3,tr,,
'ccefefc59e',extremes,Drought,#edc291,random,ani kuraklık,2026-01-15T10:20:00+00:00,,0.3680658840866849,1,2,tr,,
'5778f30f3a',extremes,Precipitation,#d60d2b,wmo,Pelagonya bölgesi sağanak yağmur,2026-01-25T04:06:00+00:00,North Macedonia,0.3678059923106568,3,1,tr,MED,Europe
'569caf6847',extremes,Precipitation,#d60d2b,wmo,sağanak güneybatı bölgesi,2026-01-25T04:06:00+00:00,North Macedonia,0.3672044045209978,3,1,tr,MED,Europe
'7a3d1676da',extremes,Earthquake,#870007,usgs,deprem filipinler,2026-01-15T10:56:00+00:00,Philippines,0.366653352366279,1,2,tr,SEA,Asia
'c9080fa8ac',extremes,Drought,#edc291,edo,Kuzey Makedonya'da kuraklık,2026-01-15T12:14:00+00:00,North Macedonia,0.3628199137281093,2,1,tr,MED,Europe
'2617cc6cc9',extremes,Earthquake,#870007,usgs,deprem yeni zelanda,2026-01-15T10:56:00+00:00,New Zealand,0.3626021390906192,1,2,tr,NZ,Oceania
'ea1c03418f',extremes,Snow&Ice,#d60d2b,random,sulu kar,2026-01-15T12:13:00+00:00,,0.3623016721052898,1,1,tr,,
'1d33bbdbbe',extremes,Snow&Ice,#d60d2b,random,kar esiyor,2026-02-07T04:19:00+00:00,,0.3619097865701492,1,1,tr,,
'6f60f45443',extremes,Snow&Ice,#d60d2b,cmeter,kuzey amerika kış fırtınası new york,2026-01-31T04:17:00+00:00,United States,0.3589829806913387,2,2,tr,ENA,North-America
'fa8badb0c3',extremes,Tsunami,#690191,usgs,tsunami baculin,2026-01-15T10:56:00+00:00,Philippines,0.358957827067361,2,1,tr,SEA,Asia
'0f6b56852d',extremes,Earthquake,#870007,usgs,deprem baculin,2026-01-15T10:56:00+00:00,Philippines,0.3588881091620204,2,1,tr,SEA,Asia
'b0d647e9d3',extremes,Earthquake,#870007,usgs,deprem güneydoğu hint sırtı,2026-01-15T10:56:00+00:00,,0.3587621508959555,2,1,tr,SOO,Antarctica
'9de3c9007e',extremes,Earthquake,#870007,usgs,deprem yakutat,2026-01-15T10:56:00+00:00,Alaska,0.3586357531026959,2,1,tr,NWN,North-America
'030aa64ddb',extremes,Drought,#edc291,edo,kuraklık Moldova,2026-01-22T04:00:00+00:00,Moldova,0.3562952959487325,1,1,tr,WCE,Europe
'2332e761a7',extremes,Precipitation,#d60d2b,wmo,sağanak kuzeydoğu bölgesi,2026-02-01T04:41:00+00:00,North Macedonia,0.3558596679743755,2,1,tr,MED,Europe
'40f675561f',extremes,Heat Wave,#c40202,random,en sıcak yaz,2026-01-15T10:56:00+00:00,,0.3506564445657735,1,2,tr,,
'8220584aae',extremes,Drought,#edc291,edo,kuruluk kuzey makedonya,2026-01-17T03:44:00+00:00,North Macedonia,0.3485156073983368,1,1,tr,MED,Europe
'0b8f5a0e51',extremes,Iceberg,#d60d2b,random,buzdağı antarktika,2026-01-18T03:56:00+00:00,,0.3484556206416935,1,1,tr,,
'1c38b19449',extremes,Storm,#b3b2b1,random,toz çanakları,2026-01-15T10:39:00+00:00,,0.3484455631965196,1,1,tr,,
'3fa143a609',extremes,Storm,#b3b2b1,random,toz kar fırtınası,2026-01-15T10:39:00+00:00,,0.3484155837900779,1,1,tr,,
'0b2fd57376',extremes,Earthquake,#870007,usgs,deprem tayvan,2026-01-15T12:13:00+00:00,Taiwan,0.3476484201773215,1,2,tr,EAS,Asia
'e0f14a84be',extremes,Tropical Cyclone,#4f4f4f,random,ulusal kasırga merkezi,2026-01-15T10:39:00+00:00,,0.3475821418682395,1,1,tr,,
'02f56319a7',extremes,Flood,#030ba1,wmo,Avustralya'da sel,2026-01-15T10:56:00+00:00,Australia,0.3472265609500765,1,2,tr,CAU,Oceania
'04a14cdfb9',extremes,Precipitation,#d60d2b,wmo,yağış güneybatı bölgesi,2026-01-30T04:21:00+00:00,North Macedonia,0.3460117980205057,2,1,tr,MED,Europe
'772b48a222',extremes,Precipitation,#d60d2b,wmo,yağmur polog bölgesi,2026-01-26T04:09:00+00:00,North Macedonia,0.3437813735011437,2,1,tr,MED,Europe
'17c827a010',extremes,Earthquake,#870007,usgs,deprem japonya,2026-01-15T10:56:00+00:00,Japan,0.3415505208866999,1,2,tr,EAS,Asia
'7e303c7e63',extremes,Snow Avalanche,#deddd5,random,kar çığı,2026-01-20T03:55:00+00:00,,0.3397097135233366,1,1,tr,,
'560b05d603',extremes,Heat Wave,#c40202,random,sıcak hava dalgası,2026-01-18T03:56:00+00:00,,0.3375420458851556,1,1,tr,,
'3ba62ce4f2',extremes,Earthquake,#870007,usgs,deprem yunanistan,2026-01-15T10:56:00+00:00,Greece,0.3370249797320074,1,1,tr,MED,Europe
'9797aa6299',extremes,Drought,#edc291,edo,yağmur eksikliği kıbrıs,2026-01-24T03:49:00+00:00,Cyprus,0.3362301676878984,1,1,tr,MED,Europe
'1452522387',extremes,Precipitation,#d60d2b,wmo,kuzey makedonya'da sağanak yağmur,2026-01-27T03:58:00+00:00,North Macedonia,0.3358715497132443,3,1,tr,MED,Europe
'a5ff1cde4a',extremes,Drought,#edc291,random,toprak nemi,2026-01-28T03:56:00+00:00,,0.3353685267509023,1,1,tr,,
'5b8cf400f9',extremes,Iceberg,#d60d2b,random,buzdağı buzağılama,2026-01-19T04:02:00+00:00,,0.3348794352955919,1,1,tr,,
'4d9577e33d',extremes,Volcano,#b83202,random,volkan,2026-02-06T04:27:00+00:00,,0.3347917594530162,1,2,tr,,
'59b5340b69',extremes,Precipitation,#d60d2b,random,hava cephesi,2026-01-15T10:56:00+00:00,,0.3298698012195951,1,2,tr,,
'db5f39549c',extremes,Earthquake,#870007,usgs,deprem endonezya,2026-01-15T10:56:00+00:00,Indonesia,0.3280152245736198,1,1,tr,SEA,Asia
'c948617fef',extremes,Heat Wave,#c40202,random,aşırı ısıya maruz kalma,2026-02-06T04:27:00+00:00,,0.3276369716469687,1,1,tr,,
'd5d7a11479',extremes,Drought,#edc291,edo,kuraklık kıbrıs,2026-01-22T04:00:00+00:00,Cyprus,0.326920310901932,1,1,tr,MED,Europe
'c1eef80860',extremes,Drought,#edc291,edo,kuraklık bulgaristan,2026-01-24T03:49:00+00:00,Bulgaria,0.3258275356552602,1,1,tr,MED,Europe
'b994dcebdd',extremes,Drought,#edc291,edo,Kuraklık Bulgaristan,2026-01-21T03:56:00+00:00,Bulgaria,0.3249202376415849,1,1,tr,MED,Europe
'70773b5956',extremes,Earthquake,#870007,usgs,deprem alaska,2026-01-15T10:56:00+00:00,Alaska,0.32228150068297,1,1,tr,NWN,North-America
'4594f1a372',extremes,Earthquake,#870007,usgs,deprem iran,2026-01-15T10:56:00+00:00,Iran,0.3222750194588121,1,1,tr,WCA,Asia
'bef1a25283',extremes,Drought,#edc291,edo,Kuraklık Suriye,2026-01-15T10:57:00+00:00,Syria,0.3219741833175806,1,1,tr,MED,Asia
'904c16f856',extremes,Drought,#edc291,edo,kuraklık dönemi,2026-01-15T10:57:00+00:00,Togo,0.3219126115204829,1,1,tr,WAF,Africa
'b24c0517bf',extremes,Cold Wave,#a7e9fa,random,cıva düşüşleri,2026-01-22T03:59:00+00:00,,0.3202101394246374,1,1,tr,,
'93760c82eb',extremes,Drought,#edc291,edo,kuruluk lesotho,2026-01-15T10:57:00+00:00,Lesotho,0.3193790419938667,0,1,tr,ESAF,Africa
'34fd30e809',extremes,Earthquake,#870007,usgs,deprem kalaması,2026-01-15T10:56:00+00:00,Chile,0.3193642581749714,0,1,tr,SWS,South-America
'22cdaf7557',extremes,Drought,#edc291,edo,kuraklık malavi,2026-01-15T10:57:00+00:00,Malawi,0.3193558219375216,0,1,tr,ESAF,Africa
'02f4a27a12',extremes,Earthquake,#870007,usgs,deprem mendi,2026-01-15T12:13:00+00:00,Papua New Guinea,0.3193398428974148,0,1,tr,SEA,Oceania
'cdbf3f27ef',extremes,Drought,#edc291,edo,kuraklık haiti,2026-01-15T10:57:00+00:00,Haiti,0.3193394836946488,0,1,tr,CAR,North-America
'685995fcc4',extremes,Earthquake,#870007,usgs,Macquarie adasının batısında deprem,2026-01-15T10:56:00+00:00,,0.3193359624061447,0,1,tr,SOO,Antarctica
'2072c25fd3',extremes,Drought,#edc291,edo,kuraklık Guyana,2026-01-15T10:57:00+00:00,Guyana,0.3193318160482953,0,1,tr,NSA,South-America
'6cfc55b8b1',extremes,Drought,#edc291,edo,kuruluk bonaire saint eustatius ve saba,2026-01-15T10:57:00+00:00,Bonaire; Saint Eustatius and Saba ,0.3193107514549601,0,1,tr,CAR,North-America
'04bee72edb',extremes,Drought,#edc291,edo,yağmur eksikliği antigua ve barbuda,2026-01-15T10:57:00+00:00,Antigua and Barbuda,0.3192995257692845,0,1,tr,CAR,North-America
'c660d659ce',extremes,Tropical Cyclone,#4f4f4f,eonet,tropikal siklon fytia,2026-01-31T04:16:00+00:00,,0.3187607686933643,0,1,tr,ESAF,Africa
'c1c906585f',extremes,Tropical Cyclone,#4f4f4f,eonet,tropikal siklon 18p,2026-01-29T04:18:00+00:00,,0.3183333273655213,0,1,tr,SPO,Pacific Ocean
'1405131905',extremes,Thunderstorm,#53785a,random,dolu,2026-01-22T03:59:00+00:00,,0.317221186998045,0,1,tr,,
'f314bb7747',extremes,Flood,#030ba1,aidr,avustralya'da şiddetli sel,2026-02-05T04:28:00+00:00,Australia,0.3160616969059588,0,1,tr,CAU,Oceania
'daed8f4597',extremes,Earthquake,#870007,usgs,deprem somali,2026-01-15T12:13:00+00:00,Somalia,0.3156712953814893,1,1,tr,NEAF,Africa
'3296e9a239',extremes,Flood,#030ba1,aidr,sağanak yağmur avustralya,2026-02-05T04:28:00+00:00,Australia,0.3156641398649547,0,1,tr,SAU,Oceania
'55e8cccd81',extremes,Earthquake,#870007,usgs,deprem san juan,2026-01-31T04:16:00+00:00,Peru,0.3155590964946482,0,1,tr,SWS,South-America
'81df5b3034',extremes,Storm,#b3b2b1,aidr,fırtına kuzey sydney dolu fırtınası 2017,2026-01-25T04:06:00+00:00,,0.3154334406132677,0,1,tr,EAU,Oceania
'1a066ba374',extremes,Heat Wave,#c40202,acwe,Victoria'nın sıcak havası,2026-01-30T04:22:00+00:00,Australia,0.315418814478936,0,1,tr,SAU,Oceania
'65b4a087de',extremes,Earthquake,#870007,usgs,deprem kalansīyah,2026-02-05T04:27:00+00:00,Yemen,0.3152494958064409,0,1,tr,ARS,Indian Ocean
'5c82519f0a',extremes,Tropical Cyclone,#4f4f4f,eonet,tropikal siklon 17'ler,2026-01-24T03:48:00+00:00,,0.3152335128837488,0,1,tr,NAU,Oceania
'924236ebf8',extremes,Earthquake,#870007,usgs,deprem yenangyaung,2026-02-05T04:27:00+00:00,Burma (Myanmar),0.3151332194060324,0,1,tr,SAS,Asia
'57c3ca9f77',extremes,Earthquake,#870007,usgs,antarktika depremi,2026-02-04T04:21:00+00:00,,0.3150962022879079,0,1,tr,EAN,
'5c7fcfcede',extremes,Earthquake,#870007,usgs,deprem hihifo,2026-02-05T04:27:00+00:00,Tonga,0.3150569953078763,0,1,tr,SPO,Pacific Ocean
'22ea11191f',extremes,Earthquake,#870007,usgs,deprem batagay,2026-01-31T04:16:00+00:00,Russia,0.3148579802727754,0,1,tr,RAR,Europe
'381ceff412',extremes,Earthquake,#870007,usgs,deprem kimbe,2026-01-29T04:18:00+00:00,Papua New Guinea,0.314711308366733,0,1,tr,EPO,Pacific Ocean
'628c910b11',extremes,Flood,#030ba1,aidr,Yeni Güney Galler'de sel baskını 2022,2026-02-01T04:41:00+00:00,Australia,0.3146840262444516,0,1,tr,EAU,Oceania
'de55985e54',extremes,Earthquake,#870007,usgs,deprem hadibu,2026-01-21T03:55:00+00:00,Yemen,0.3145829230459449,0,1,tr,ARS,Indian Ocean
'3673682ec0',extremes,Earthquake,#870007,usgs,deprem yükseliş adası bölgesi,2026-01-28T03:56:00+00:00,,0.3145096057209501,0,1,tr,SAO,Atlantic Ocean
'9a84ac4373',extremes,Tsunami,#690191,usgs,tsunami alaska,2026-02-05T04:27:00+00:00,Alaska,0.3140848681264619,0,1,tr,NPO,Pacific Ocean
'8b4587c763',extremes,Storm,#b3b2b1,random,toz fırtınası,2026-01-24T03:48:00+00:00,,0.3140180103395362,1,1,tr,,
'3017638745',extremes,Earthquake,#870007,usgs,deprem ust' kamçatsk staryy,2026-02-05T04:27:00+00:00,Russia,0.3139623148136632,0,1,tr,RFE,Europe
'9044bc0335',extremes,Earthquake,#870007,usgs,deprem georgetown,2026-01-21T03:55:00+00:00,Saint Helena,0.313740053953542,0,1,tr,SAO,Atlantic Ocean
'd9e53070b4',extremes,Flood,#030ba1,aidr,Sel Mackay Queensland 2008,2026-01-20T03:57:00+00:00,,0.3134301733095393,0,1,tr,EAU,Oceania
'3336c980ab',extremes,Earthquake,#870007,usgs,deprem saint helena,2026-01-21T03:55:00+00:00,Saint Helena,0.3134123752636513,0,1,tr,EAO,Atlantic Ocean
'c3d0e3b068',extremes,Snow&Ice,#d60d2b,random,donma,2026-01-22T03:59:00+00:00,,0.3130146366723377,2,1,tr,,
'd59a7e48d7',extremes,Drought,#edc291,random,buharlaşma-terleme,2026-01-20T03:55:00+00:00,,0.3129965195573042,1,1,tr,,
'c685705bbd',extremes,Earthquake,#870007,usgs,deprem çin,2026-01-15T10:56:00+00:00,China,0.3113071656249893,1,2,tr,EAS,Asia
'3e2894fd0c',extremes,Iceberg,#d60d2b,random,antarktika deniz buzu,2026-01-21T03:55:00+00:00,,0.3108999208214229,1,1,tr,,
'4e1d59e985',extremes,Precipitation,#d60d2b,wmo,yağmur bulgaristan,2026-01-15T10:56:00+00:00,Bulgaria,0.3106452496143368,1,1,tr,MED,Europe
'3f3ddd0b49',extremes,Earthquake,#870007,usgs,deprem hindistan,2026-01-15T10:56:00+00:00,India,0.309793937628717,1,1,tr,SAS,Asia
'980a973102',extremes,Tropical Cyclone,#4f4f4f,random,bomba kasırgası,2026-01-15T10:56:00+00:00,,0.3092974987090162,1,1,tr,,
'45480a05ce',extremes,Tropical Cyclone,#4f4f4f,random,tayfun,2026-01-15T10:20:00+00:00,,0.308999316490523,1,3,tr,,
'e3af58f5da',extremes,Drought,#edc291,edo,kuruluk bulgaristan,2026-01-15T10:57:00+00:00,Bulgaria,0.3072989490295514,1,1,tr,MED,Europe
'485794e3d4',extremes,Earthquake,#870007,usgs,deprem kanada,2026-01-15T12:13:00+00:00,Canada,0.3063753242919838,1,1,tr,NWN,North-America
'283b154c38',extremes,Wet Spell,#d60d2b,random,ıslak büyü,2026-01-15T12:13:00+00:00,,0.3061723629772925,1,1,tr,,
'9aceadd432',extremes,Heat Wave,#c40202,random,rekor ısı,2026-01-21T03:55:00+00:00,,0.302534602528104,1,1,tr,,
'a652c78afc',extremes,Drought,#edc291,random,mega kuraklık,2026-01-18T03:56:00+00:00,,0.3006146746719527,1,1,tr,,
'f90601fa23',extremes,Volcano,#b83202,random,yanardağ patlaması,2026-01-15T10:20:00+00:00,,0.2925632657928776,1,2,tr,,
'55c39b351d',extremes,Storm,#b3b2b1,random,toz şeytanı,2026-01-15T10:56:00+00:00,,0.2919004901910539,1,1,tr,,
'4c8bd3e4d4',extremes,Insect Infestation,#d60d2b,random,çekirgeler,2026-01-15T10:56:00+00:00,,0.2906973657887665,1,1,tr,,
'f4e1bf0fdf',extremes,Flood,#030ba1,random,buzul gölü salgını,2026-01-18T03:56:00+00:00,,0.2884934163704752,1,1,tr,,
'df7e5328ea',extremes,Cold Wave,#a7e9fa,random,soğuk büyü,2026-01-27T03:58:00+00:00,,0.2880779171121753,1,1,tr,,
'c4f1f0cbf9',extremes,Iceberg,#d60d2b,random,buzdağı arctis,2026-01-21T03:55:00+00:00,,0.2871858216040775,2,1,tr,,
'ea87be5bd8',extremes,Heat Wave,#c40202,random,kavurucu sıcaklık,2026-01-15T12:13:00+00:00,,0.2871362216175053,1,1,tr,,
'63663feccd',extremes,Drought,#edc291,edo,yağmur eksikliği Moldova,2026-01-24T03:49:00+00:00,Moldova,0.2833234831185419,1,1,tr,WCE,Europe
'5ea4d45f08',extremes,Tropical Cyclone,#4f4f4f,random,karaya yaklaşma,2026-01-17T03:44:00+00:00,,0.2800097291545205,1,1,tr,,
'a4e63fa11b',extremes,Snow&Ice,#d60d2b,random,kırağı kışı,2026-01-17T03:44:00+00:00,,0.2794825729177103,1,1,tr,,
'357f3c8921',extremes,Drought,#edc291,edo,kuzey makedonya'da yağmur eksikliği,2026-01-15T10:57:00+00:00,North Macedonia,0.2766538142390908,1,1,tr,MED,Europe
'fcf38cfed3',extremes,Drought,#edc291,edo,kuraklık kuzey makedonya,2026-01-19T04:03:00+00:00,North Macedonia,0.2763327799660353,2,1,tr,MED,Europe
'053bb10e09',extremes,Heat Wave,#c40202,random,hint yazı,2026-01-23T04:02:00+00:00,,0.2759803107403592,1,1,tr,,
'776fe47817',extremes,Wildfire,#d60d2b,random,orman yangını,2026-01-17T03:44:00+00:00,,0.2746907670415916,1,1,tr,,
'73d01d320c',extremes,Earthquake,#870007,usgs,deprem afganistan,2026-01-15T12:13:00+00:00,Afghanistan,0.2724481900815867,1,1,tr,WCA,Asia
'95694d19cf',extremes,Earthquake,#870007,usgs,deprem yemen,2026-01-15T12:13:00+00:00,Yemen,0.2723268349855215,1,1,tr,NEAF,Africa
'd46b5571fa',extremes,Tsunami,#690191,usgs,tsunami tayvan,2026-01-15T12:13:00+00:00,Taiwan,0.2721975829201979,1,1,tr,EAS,Asia
'1a17358ebb',extremes,Tsunami,#690191,usgs,tsunami tobelo,2026-01-15T10:56:00+00:00,Indonesia,0.2721700122017002,1,1,tr,SEA,Asia
'3894a694d1',extremes,Flood,#030ba1,aidr,Avustralya'da ani sel,2026-01-15T10:57:00+00:00,Australia,0.2720702239432805,1,1,tr,EAU,Oceania
'3a67915e02',extremes,Earthquake,#870007,usgs,deprem peru,2026-01-15T10:56:00+00:00,Peru,0.2720285180627262,1,1,tr,NWS,South-America
'f6374995d1',extremes,Tropical Cyclone,#4f4f4f,cmeter,tropikal kasırga italya,2026-01-28T03:57:00+00:00,Italy,0.2720064152251044,1,1,tr,MED,Europe
'45f861329d',extremes,Landslide,#572c03,aidr,heyelan adelaide tepeleri güney avustralya,2026-01-15T10:57:00+00:00,Australia,0.2720064152251044,1,1,tr,SAU,Oceania
'a241cba1ba',extremes,Volcano,#b83202,eonet,Ambrym Yanardağı Vanuatu,2026-01-15T10:56:00+00:00,Vanuatu,0.271990453362115,1,1,tr,SPO,Oceania
'6f7179aa00',extremes,Volcano,#b83202,eonet,volkan filipinler,2026-01-15T10:56:00+00:00,Philippines,0.2719808606448024,1,1,tr,SEA,Asia
'fc0fd225f3',extremes,Earthquake,#870007,usgs,deprem burma myanmar,2026-01-15T12:13:00+00:00,Burma (Myanmar),0.2719676130110488,1,1,tr,SAS,Asia
'1133ce1349',extremes,Earthquake,#870007,usgs,deprem kosta rika,2026-01-15T12:13:00+00:00,Costa Rica,0.2719571115431488,1,1,tr,SCA,South-America
'edcb89e9c3',extremes,Earthquake,#870007,usgs,deprem papua yeni gine,2026-01-15T10:56:00+00:00,Papua New Guinea,0.2719500115031588,1,1,tr,SEA,Asia
'7a2481f0b1',extremes,Flood,#030ba1,aidr,Avustralya'da nehir taşması,2026-01-15T10:57:00+00:00,Australia,0.2719285584694787,1,1,tr,EAU,Oceania
'ebe314dd99',extremes,Flood,#030ba1,aidr,Şiddetli yağış ve sel Queensland Şubat 2020,2026-01-15T10:57:00+00:00,Australia,0.2719274879956287,1,1,tr,EAU,Oceania
'6852666385',extremes,Earthquake,#870007,usgs,deprem limanı mathurin,2026-01-15T12:13:00+00:00,Mauritius,0.2718822322144194,1,1,tr,SIO,Indian Ocean
'2c38aada07',extremes,Earthquake,#870007,usgs,deprem kolkanı,2026-01-15T12:13:00+00:00,Chile,0.2718806833866668,1,1,tr,SWS,South-America
'66889dc3f2',extremes,Earthquake,#870007,usgs,deprem ollagüe,2026-01-15T10:56:00+00:00,Chile,0.2718780783172336,1,1,tr,SWS,South-America
'26349abe17',extremes,Tsunami,#690191,usgs,tsunami attu istasyonu,2026-01-15T12:13:00+00:00,Alaska,0.2718689965501044,1,1,tr,NPO,Pacific Ocean
'464d595634',extremes,Earthquake,#870007,usgs,deprem camiña,2026-01-15T12:13:00+00:00,Chile,0.2718665057849666,1,1,tr,SWS,South-America
'018b9ccc96',extremes,Earthquake,#870007,usgs,Mauritius birleşme bölgesi depremi,2026-01-15T10:56:00+00:00,,0.2718662773241356,1,1,tr,SIO,Indian Ocean
'76ad379230',extremes,Earthquake,#870007,usgs,deprem petropavlovsk kamchatsky,2026-01-15T10:56:00+00:00,Russia,0.2718656567756997,1,1,tr,RFE,Asia
'8b5b4c9d3b',extremes,Earthquake,#870007,usgs,deprem porto santa,2026-01-15T10:56:00+00:00,Peru,0.271865182010741,1,1,tr,NWS,South-America
'4d51911b1d',extremes,Earthquake,#870007,usgs,deprem sola,2026-01-15T10:56:00+00:00,Vanuatu,0.2718575484724872,1,1,tr,SPO,Pacific Ocean
'6b1cc9478a',extremes,Earthquake,#870007,usgs,deprem mabaruma,2026-01-15T10:56:00+00:00,Guyana,0.271855897429081,1,1,tr,NSA,South-America
'd18c9a3f35',extremes,Earthquake,#870007,usgs,san antonio de los cobres depremi,2026-01-15T10:56:00+00:00,Argentina,0.2718542367751476,1,1,tr,SES,South-America
'53e17b7a15',extremes,Earthquake,#870007,usgs,deprem houma,2026-01-15T10:56:00+00:00,Tonga,0.271849626597642,1,1,tr,SPO,Pacific Ocean
'e1559df16c',extremes,Earthquake,#870007,usgs,deprem tobelo,2026-01-15T10:56:00+00:00,Indonesia,0.2718490518743391,1,1,tr,SEA,Asia
'f4e7397282',extremes,Tsunami,#690191,usgs,tsunami limanı alsworth,2026-01-15T10:56:00+00:00,United States,0.2718481108233403,1,1,tr,NWN,North-America
'072f41af80',extremes,Earthquake,#870007,usgs,deprem aratoca,2026-01-15T10:56:00+00:00,Colombia,0.2718445019598915,1,1,tr,NWS,South-America
'43165fdae0',extremes,Earthquake,#870007,usgs,deprem villası basilio nievas,2026-01-15T12:13:00+00:00,Argentina,0.2718443846256417,1,1,tr,SWS,South-America
'01e4b0cc71',extremes,Earthquake,#870007,usgs,deprem kuril'sk,2026-01-15T10:56:00+00:00,Russia,0.2718391678463759,1,1,tr,EAS,Asia
'e1256a9495',extremes,Tsunami,#690191,usgs,tsunami rancho viejo,2026-01-15T10:56:00+00:00,Mexico,0.2718375840922009,1,1,tr,SCA,North-America
'f8fc7b9a8d',extremes,Tsunami,#690191,usgs,tsunami yakutat,2026-01-15T10:56:00+00:00,Canada,0.2718373713672196,1,1,tr,NWN,North-America
'e551102071',extremes,Earthquake,#870007,usgs,vanuatu depremi,2026-01-15T10:56:00+00:00,Vanuatu,0.2718364448910137,1,1,tr,SPO,Pacific Ocean
'f5e86f8f49',extremes,Earthquake,#870007,usgs,deprem san miguel,2026-01-15T10:56:00+00:00,Ecuador,0.2718355863827519,1,1,tr,NWS,South-America
'e6998a615e',extremes,Earthquake,#870007,usgs,deprem murghob,2026-01-15T12:13:00+00:00,Tajikistan,0.2718342128109323,1,1,tr,WCA,Asia
'c605f8759a',extremes,Earthquake,#870007,usgs,deprem guam,2026-01-15T10:56:00+00:00,Guam,0.2718323386724093,1,1,tr,NPO,Pacific Ocean
'9f3b29621a',extremes,Earthquake,#870007,usgs,deprem merkezi orta atlantik sırtı,2026-01-15T10:56:00+00:00,,0.2718320989482345,1,1,tr,EAO,Atlantic Ocean
'957a7a09df',extremes,Earthquake,#870007,usgs,deprem attu istasyonu,2026-01-15T10:56:00+00:00,Alaska,0.2718247930159818,1,1,tr,NPO,Pacific Ocean
'db2a276fc1',extremes,Earthquake,#870007,usgs,deprem aisen,2026-01-15T12:13:00+00:00,Chile,0.2718245100313835,1,1,tr,SWS,South-America
'7e7895dc7a',extremes,Earthquake,#870007,usgs,deprem tacikistan,2026-01-15T10:56:00+00:00,Tajikistan,0.2718240888930743,1,1,tr,WCA,Asia
'8710bd49ea',extremes,Earthquake,#870007,usgs,deprem severo kuril'sk,2026-01-15T10:56:00+00:00,Russia,0.2718233424444694,1,1,tr,RFE,Asia
'85a135fac3',extremes,Earthquake,#870007,usgs,ozernovskiy depremi,2026-01-15T10:56:00+00:00,Russia,0.2718194811024073,1,1,tr,RFE,Asia
'51dfc3f3e1',extremes,Earthquake,#870007,usgs,deprem kokopo,2026-01-15T10:56:00+00:00,Papua New Guinea,0.2718177223063748,1,1,tr,EPO,Pacific Ocean
'066ed457ed',extremes,Earthquake,#870007,usgs,deprem kuzey mariana adaları,2026-01-15T12:13:00+00:00,Northern Mariana Islands,0.2718149036199735,1,1,tr,NPO,Pacific Ocean
'4ea40cfaf4',extremes,Earthquake,#870007,usgs,deprem prensi edward adaları bölgesi,2026-01-15T10:56:00+00:00,,0.2718086805399844,1,1,tr,SOO,Antarctica
'f7921ef009',extremes,Earthquake,#870007,usgs,deprem vilyuchinsk,2026-01-15T10:56:00+00:00,Russia,0.2718074862869507,1,1,tr,RFE,Asia
'6bf5e2061d',extremes,Earthquake,#870007,usgs,deprem kale noktası,2026-01-15T10:56:00+00:00,New Zealand,0.271805689718999,1,1,tr,NZ,Oceania
'f5afb20efd',extremes,Earthquake,#870007,usgs,deprem güney sandviç adaları bölgesi,2026-01-15T10:56:00+00:00,,0.2718016652419222,1,1,tr,SOO,Antarctica
'03f33e230d',extremes,Earthquake,#870007,usgs,deprem şili,2026-01-15T10:56:00+00:00,Chile,0.2717925587436505,1,1,tr,SWS,South-America
'0a2120b175',extremes,Earthquake,#870007,usgs,deprem diego de almagro,2026-01-15T10:56:00+00:00,Chile,0.2717915023027328,1,1,tr,SWS,South-America
'7d79b2a1fb',extremes,Earthquake,#870007,usgs,deprem kencong,2026-01-15T12:13:00+00:00,Indonesia,0.2717905854242224,1,1,tr,NAU,Oceania
'3e797c4058',extremes,Earthquake,#870007,usgs,deprem fiji,2026-01-15T10:56:00+00:00,Fiji,0.271786553932886,1,1,tr,SPO,Pacific Ocean
'6628268bda',extremes,Earthquake,#870007,usgs,deprem korla,2026-01-15T10:56:00+00:00,China,0.2717864982562222,1,1,tr,ECA,Asia
'd920e41c1e',extremes,Earthquake,#870007,usgs,deprem mek'ele,2026-01-15T12:13:00+00:00,Ethiopia,0.2717854040008172,1,1,tr,NEAF,Africa
'29aa7b93c5',extremes,Earthquake,#870007,usgs,fiji adalarının güneyinde deprem,2026-01-15T10:56:00+00:00,,0.2717842689735463,1,1,tr,SPO,Pacific Ocean
'8bf8909453',extremes,Earthquake,#870007,usgs,deprem levuka,2026-01-15T10:56:00+00:00,Fiji,0.2717782180491243,1,1,tr,SPO,Pacific Ocean
'2fa9116266',extremes,Earthquake,#870007,usgs,deprem limanı alsworth,2026-01-15T12:13:00+00:00,United States,0.2717739625015415,1,1,tr,NWN,North-America
'80f83e2f4e',extremes,Earthquake,#870007,usgs,bolivya depremi,2026-01-15T12:13:00+00:00,Bolivia,0.2717690503530537,1,1,tr,SES,South-America
'c797f587a9',extremes,Flood,#030ba1,aidr,Sel Boonah Queensland,2026-01-15T10:57:00+00:00,Australia,0.2717683105545679,1,1,tr,EAU,Oceania
'997a2e2157',extremes,Earthquake,#870007,usgs,deprem arjantin,2026-01-15T10:56:00+00:00,Argentina,0.2717588389408521,1,1,tr,SWS,South-America
'ad41fee440',extremes,Earthquake,#870007,usgs,deprem lata,2026-01-15T10:56:00+00:00,Solomon Islands,0.2717568001644146,1,1,tr,SPO,Oceania
'8abf2def70',extremes,Earthquake,#870007,usgs,deprem yanardağ adaları japonya bölgesi,2026-01-15T10:56:00+00:00,,0.2717453603152907,1,1,tr,NPO,Pacific Ocean
'5bf34f285a',extremes,Earthquake,#870007,usgs,deprem italya,2026-01-15T10:56:00+00:00,Italy,0.2717437936253051,1,1,tr,MED,Europe
'8684156e57',extremes,Earthquake,#870007,usgs,deprem meleği,2026-01-15T12:13:00+00:00,Vanuatu,0.2717333270421694,1,1,tr,SPO,Pacific Ocean
'17b150a7a2',extremes,Earthquake,#870007,usgs,deprem tanzanya,2026-01-15T10:56:00+00:00,Tanzania,0.2717326529803034,1,1,tr,SEAF,Africa
'ba6e07a583',extremes,Storm,#b3b2b1,emdat,hasakeh valiliklerinde fırtına,2026-01-15T10:57:00+00:00,Syria,0.2717310539086509,1,1,tr,MED,Asia
'cc449c3731',extremes,Earthquake,#870007,usgs,deprem kermadec adaları bölgesi,2026-01-15T10:56:00+00:00,,0.2717250609168859,1,1,tr,SPO,Pacific Ocean
'5484f48de4',extremes,Earthquake,#870007,usgs,Hint sırtının ortasında deprem,2026-01-15T10:56:00+00:00,,0.2717248220686753,1,1,tr,SIO,Indian Ocean
'e98c9b3f42',extremes,Earthquake,#870007,usgs,deprem ejderi geçişi,2026-01-15T10:56:00+00:00,,0.2717202890619044,1,1,tr,SOO,Antarctica
'6ff5caa4ff',extremes,Earthquake,#870007,usgs,deprem atka,2026-01-15T10:56:00+00:00,Alaska,0.271719060023959,1,1,tr,NPO,Pacific Ocean
'37af8de5d1',extremes,Earthquake,#870007,usgs,deprem paskalya adası bölgesi,2026-01-15T10:56:00+00:00,,0.2717115728130244,1,1,tr,SPO,Pacific Ocean
'd1b76ff32a',extremes,Earthquake,#870007,usgs,deprem miyako,2026-01-15T10:56:00+00:00,Japan,0.271711311356893,1,1,tr,EAS,Asia
'27bfeaeef2',extremes,Earthquake,#870007,usgs,deprem kuril adaları,2026-01-15T10:56:00+00:00,,0.2716937364745184,1,1,tr,RFE,Asia
'2407b3a8ab',extremes,Drought,#edc291,edo,kuruluk burundi,2026-01-15T10:57:00+00:00,Burundi,0.2716919451404975,1,1,tr,SEAF,Africa
'526ac614cf',extremes,Earthquake,#870007,usgs,deprem sainte marie,2026-01-15T12:13:00+00:00,Martinique,0.271687255018003,1,1,tr,CAR,North-America
'c25ecb1005',extremes,Earthquake,#870007,usgs,deprem yılan,2026-01-15T10:56:00+00:00,Taiwan,0.2716866451428277,1,1,tr,EAS,Asia
'909be204f9',extremes,Earthquake,#870007,usgs,Sadakat adalarının güneydoğusundaki deprem,2026-01-15T10:56:00+00:00,,0.271681119031828,1,1,tr,SPO,Pacific Ocean
'731557e0bc',extremes,Earthquake,#870007,usgs,timor leste depremi,2026-01-15T10:56:00+00:00,Timor Leste,0.2716806369849336,1,1,tr,SEA,Asia
'7d68920b56',extremes,Earthquake,#870007,usgs,deprem Nikaragua,2026-01-15T10:56:00+00:00,Nicaragua,0.271666800542253,1,1,tr,SCA,North-America
'eabe6169ab',extremes,Earthquake,#870007,usgs,deprem tongası,2026-01-15T10:56:00+00:00,Tonga,0.2716416089773169,1,1,tr,SPO,Pacific Ocean
'f199635353',extremes,Earthquake,#870007,usgs,deprem morigaonu,2026-01-15T10:56:00+00:00,India,0.2716390553055358,1,1,tr,SAS,Asia
'c42e3feacc',extremes,Earthquake,#870007,usgs,kuril adalarının kuzeybatısında deprem,2026-01-15T10:56:00+00:00,,0.2716334907363343,1,1,tr,RFE,Asia
'f6ff301646',extremes,Drought,#edc291,edo,kuraklık somali,2026-01-15T10:57:00+00:00,Somalia,0.2716307595277647,1,1,tr,NEAF,Africa
'd9cc56f031',extremes,Drought,#edc291,edo,Kuraklık Tacikistan,2026-01-15T10:57:00+00:00,Tajikistan,0.2716294396510521,1,1,tr,WCA,Asia
'22045a461a',extremes,Earthquake,#870007,usgs,deprem izu adaları japonya bölgesi,2026-01-15T10:56:00+00:00,,0.2716290924473013,1,1,tr,NPO,Pacific Ocean
'0df507a059',extremes,Drought,#edc291,edo,kuraklık azerbaycan,2026-01-15T10:57:00+00:00,Azerbaijan,0.2716267434998128,1,1,tr,WCA,Asia
'cce4634973',extremes,Drought,#edc291,edo,kuraklık kenya,2026-01-15T10:57:00+00:00,Kenya,0.2716113264276814,1,1,tr,SEAF,Africa
'08226562a9',extremes,Earthquake,#870007,usgs,deprem fais,2026-01-15T10:56:00+00:00,Micronesia,0.2716085395687398,1,1,tr,NPO,Pacific Ocean
'43540d11be',extremes,Earthquake,#870007,usgs,deprem akkeshi,2026-01-15T10:56:00+00:00,Japan,0.2716056354175713,1,1,tr,EAS,Asia
'2725619969',extremes,Earthquake,#870007,usgs,deprem hanawa,2026-01-15T12:13:00+00:00,Japan,0.2716052660652198,1,1,tr,EAS,Asia
'74236bd182',extremes,Drought,#edc291,edo,İzlanda'da yağmur eksikliği,2026-01-15T10:57:00+00:00,Iceland,0.2716006499109582,1,1,tr,GIC,Europe
'40a849aef3',extremes,Earthquake,#870007,usgs,deprem zhaotong,2026-01-15T12:13:00+00:00,China,0.2715840831651339,1,1,tr,EAS,Asia
'982d97b8ec',extremes,Earthquake,#870007,usgs,deprem susanville,2026-01-15T12:13:00+00:00,United States,0.2715730770590041,1,1,tr,WNA,North-America
'a6144d1f04',extremes,Earthquake,#870007,usgs,deprem sıçan adaları aleutian adaları alaska,2026-01-15T10:56:00+00:00,,0.2715718629615182,1,1,tr,NPO,Pacific Ocean
'0816dd344b',extremes,Earthquake,#870007,usgs,deprem lae,2026-01-15T10:56:00+00:00,Papua New Guinea,0.2715689707938774,1,1,tr,SEA,Asia
'f986f74559',extremes,Earthquake,#870007,usgs,deprem yonakuni,2026-01-15T10:56:00+00:00,Japan,0.2715646409960104,1,1,tr,EAS,Asia
'0e39632695',extremes,Drought,#edc291,edo,İran'da yağmur eksikliği,2026-01-15T10:57:00+00:00,Iran,0.2715527142396545,1,1,tr,WCA,Asia
'1a5e4bce35',extremes,Drought,#edc291,edo,yağmur eksikliği kuveyt,2026-01-15T10:57:00+00:00,Kuwait,0.2715520719008006,1,1,tr,ARP,Asia
'c29a12e099',extremes,Earthquake,#870007,usgs,deprem san vicente de cañete,2026-01-15T12:13:00+00:00,Peru,0.2715416777646466,1,1,tr,NWS,South-America
'958e326b08',extremes,Earthquake,#870007,usgs,deprem bonin adaları japonya bölgesi,2026-01-15T10:56:00+00:00,,0.2715410952954409,1,1,tr,NPO,Pacific Ocean
'0ca87424f0',extremes,Drought,#edc291,edo,kuruluk fas,2026-01-15T10:57:00+00:00,Morocco,0.2715361379186661,1,1,tr,MED,Africa
'34799f2163',extremes,Drought,#edc291,edo,kuraklık kongo cumhuriyeti,2026-01-15T10:57:00+00:00,Republic of the Congo,0.2715338497738099,1,1,tr,CAF,Africa
'06532967b8',extremes,Drought,#edc291,edo,yağmur eksikliği brezilya,2026-01-15T10:57:00+00:00,Brazil,0.2715299561333928,1,1,tr,SAM,South-America
'eb91bf9344',extremes,Earthquake,#870007,usgs,Kermadec adalarının güneyinde deprem,2026-01-15T10:56:00+00:00,,0.2715268865248685,1,1,tr,SPO,Pacific Ocean
'1c9dc747da',extremes,Drought,#edc291,edo,yağmur eksikliği küba,2026-01-15T10:57:00+00:00,Cuba,0.2715229193890015,1,1,tr,CAR,North-America
'a627698ed3',extremes,Earthquake,#870007,usgs,deprem santiago,2026-01-15T10:56:00+00:00,Philippines,0.2715187413374373,1,1,tr,SEA,Asia
'b9418001ff',extremes,Earthquake,#870007,usgs,deprem bitung,2026-01-15T10:56:00+00:00,Indonesia,0.2715185884509042,1,1,tr,SEA,Asia
'ebe3f8a23f',extremes,Drought,#edc291,edo,yağmur eksikliği kiribati,2026-01-15T10:57:00+00:00,Kiribati,0.2715159284283015,1,1,tr,EAO,Atlantic Ocean
'3f59d8a7a4',extremes,Drought,#edc291,edo,kuraklık ermenistan,2026-01-15T10:57:00+00:00,Armenia,0.2715086451845088,1,1,tr,WCA,Asia
'1613eab3ee',extremes,Drought,#edc291,edo,yağmur eksikliği etiyopya,2026-01-15T10:57:00+00:00,Ethiopia,0.2715058717432232,1,1,tr,NEAF,Africa
'f1493fbbc1',extremes,Drought,#edc291,edo,yağmur eksikliği bouvet adası,2026-01-15T10:57:00+00:00,Bouvet Island,0.2715018350682894,1,1,tr,SOO,Antarctica
'49e564d95b',extremes,Drought,#edc291,edo,kuraklık svalbard ve jan mayen adaları,2026-01-15T10:57:00+00:00,Svalbard and Jan Mayen Islands,0.2715001708451968,1,1,tr,ARO,Arctica
'5bd3759e67',extremes,Drought,#edc291,edo,kuraklık wallis ve futuna,2026-01-15T10:57:00+00:00,Wallis and Futuna,0.271499511869172,1,1,tr,SPO,Pacific Ocean
'9845e6aafe',extremes,Drought,#edc291,edo,kuraklık kuzey mariana adaları,2026-01-15T10:57:00+00:00,Northern Mariana Islands,0.2714943265773762,1,1,tr,NPO,Pacific Ocean
'63aea37e6c',extremes,Earthquake,#870007,usgs,deprem mutsu,2026-01-15T10:56:00+00:00,Japan,0.2714895119990224,1,1,tr,EAS,Asia
'b5bfafc451',extremes,Drought,#edc291,edo,yağmur eksikliği Amerika Birleşik Devletleri'nin uzaktaki küçük adaları,2026-01-15T10:57:00+00:00,United States Minor Outlying Islands,0.2714888961554242,1,1,tr,WAF,Africa
'69a64e0e6b',extremes,Drought,#edc291,edo,kuruluk irak,2026-01-15T10:57:00+00:00,Iraq,0.2714858858789231,1,1,tr,WCA,Asia
'3c0d8a70ba',extremes,Earthquake,#870007,usgs,deprem finschhafen,2026-01-15T12:13:00+00:00,Papua New Guinea,0.2714850127907476,1,1,tr,SEA,Asia
'f5090b53e9',extremes,Drought,#edc291,edo,kuruluk fransız polinezyası,2026-01-15T10:57:00+00:00,French Polynesia,0.2714834200823606,1,1,tr,SPO,Pacific Ocean
'99549776e6',extremes,Drought,#edc291,edo,kuraklık papua yeni gine,2026-01-15T10:57:00+00:00,Papua New Guinea,0.2714822224553413,1,1,tr,EPO,Pacific Ocean
'5a7935db1c',extremes,Drought,#edc291,edo,kuraklık eswatini,2026-01-15T10:57:00+00:00,Eswatini,0.2714810352997441,1,1,tr,ESAF,Africa
'e058bc3eb7',extremes,Drought,#edc291,edo,kuraklık sri lanka,2026-01-15T10:57:00+00:00,Sri Lanka,0.2714793111652458,1,1,tr,BOB,Asia
'bba49c53eb',extremes,Drought,#edc291,edo,yağmur eksikliği norfolk adası,2026-01-15T10:57:00+00:00,Norfolk Island,0.2714780957413227,1,1,tr,SPO,Pacific Ocean
'a0374d7fc3',extremes,Drought,#edc291,edo,yağmur eksikliği nijer,2026-01-15T10:57:00+00:00,Niger,0.2714756631795222,1,1,tr,SAH,Africa
'f84e373f72',extremes,Drought,#edc291,edo,yağmur eksikliği cocos adaları,2026-01-15T10:57:00+00:00,Cocos Islands,0.2714749304674092,1,1,tr,SIO,Indian Ocean
'fd25f2baec',extremes,Drought,#edc291,edo,kuruluk Seyşel Adaları,2026-01-15T10:57:00+00:00,Seychelles,0.2714746018553944,1,1,tr,EIO,Indian Ocean
'88c42e7c0f',extremes,Drought,#edc291,edo,yağmur eksikliği,2026-01-15T10:57:00+00:00,Tonga,0.2714711867256815,1,1,tr,SPO,Pacific Ocean
'4c395ac77e',extremes,Drought,#edc291,edo,kuruluk burkina faso,2026-01-15T10:57:00+00:00,Burkina Faso,0.2714705968155138,1,1,tr,WAF,Africa
'1918ad6f9e',extremes,Drought,#edc291,edo,kuraklık tuvalu,2026-01-15T10:57:00+00:00,Tuvalu,0.2714705530903767,1,1,tr,EPO,Pacific Ocean
'bc178afc30',extremes,Drought,#edc291,edo,kuruluk mauritius,2026-01-15T10:57:00+00:00,Mauritius,0.2714679332096981,1,1,tr,SIO,Indian Ocean
'fada59714f',extremes,Drought,#edc291,edo,yağmur eksikliği zambiya,2026-01-15T10:57:00+00:00,Zambia,0.2714606854769112,1,1,tr,ESAF,Africa
'8daec4f52d',extremes,Earthquake,#870007,usgs,Paskalya adasının güneydoğusundaki deprem,2026-01-15T10:56:00+00:00,,0.2714604295863527,1,1,tr,SPO,Pacific Ocean
'c7be7a383d',extremes,Earthquake,#870007,usgs,deprem sarangani,2026-01-15T10:56:00+00:00,Philippines,0.2714441758004109,1,1,tr,SEA,Asia
'925cc6c6e9',extremes,Drought,#edc291,edo,Kuraklık Kosta Rika,2026-01-15T10:57:00+00:00,Costa Rica,0.271431797207413,1,1,tr,SCA,South-America
'6797a9705d',extremes,Drought,#edc291,edo,kuraklık jamaika,2026-01-15T10:57:00+00:00,Jamaica,0.2714264476372032,1,1,tr,CAR,North-America
'474905c6c6',extremes,Drought,#edc291,edo,yağmur eksikliği Namibya,2026-01-15T10:57:00+00:00,Namibia,0.2714222156284397,1,1,tr,WSAF,Africa
'255621cc4c',extremes,Earthquake,#870007,usgs,deprem panguna,2026-01-31T04:16:00+00:00,Papua New Guinea,0.2679457138356712,1,1,tr,EPO,Pacific Ocean
'6faf696dd9',extremes,Earthquake,#870007,usgs,deprem akureyri,2026-01-25T04:05:00+00:00,Iceland,0.2678761207801062,1,1,tr,GIC,Europe
'f3b91506ec',extremes,Cold Wave,#a7e9fa,random,soğuğu kaydedin,2026-01-15T10:20:00+00:00,,0.2565293677315337,0,1,tr,,
'633ed59c63',extremes,Iceberg,#d60d2b,random,arktik deniz buzu,2026-01-15T10:20:00+00:00,,0.256417319727148,0,1,tr,,
'0053afc92f',extremes,Volcano,#b83202,random,lahar,2026-01-15T10:20:00+00:00,,0.2562914317228042,0,1,tr,,
'f7a0f1c060',extremes,Cold Wave,#a7e9fa,random,en soğuk yıl,2026-01-15T10:20:00+00:00,,0.2398044025496697,1,2,tr,,
'3e36cbc783',extremes,Earthquake,#870007,usgs,deprem konsepti,2026-01-15T12:13:00+00:00,Venezuela,0.2313136511282333,2,1,tr,NWS,South-America
'6bad2a8cbc',extremes,Earthquake,#870007,usgs,deprem san agustín de valle fértil,2026-01-15T12:13:00+00:00,Argentina,0.2310943625019648,2,1,tr,SES,South-America
'90e6558608',extremes,Earthquake,#870007,usgs,güney orta atlantik sırtı depremi,2026-01-15T10:56:00+00:00,,0.2309934653554053,2,1,tr,SAO,Atlantic Ocean
'505a53d28b',extremes,Earthquake,#870007,usgs,deprem port vila,2026-01-15T10:56:00+00:00,Vanuatu,0.2309799845301128,2,1,tr,SPO,Oceania
'b6cef22543',extremes,Drought,#edc291,random,su kısıtlaması,2026-01-15T10:20:00+00:00,,0.2181947166591417,1,1,tr,,
'95b2881221',extremes,Precipitation,#d60d2b,random,atmosferik nehir,2026-01-15T10:20:00+00:00,,0.2180904085177332,1,1,tr,,
'1fefacbadb',extremes,Iceberg,#d60d2b,random,buzul buzağılaması,2026-01-15T10:20:00+00:00,,0.2163334904376689,1,1,tr,,
